"Name","Aug 2022","Sept 2022","Oct 2022","Nov 2022","Dec 2022","Jan 2023","Feb 2023","Mar 2023","Apr 2023","May 2023","Jun 2023","Jul 2023","Aug 2023","Sept 2023","Oct 2023","Nov 2023","Dec 2023","Jan 2024","Feb 2024","Mar 2024","Apr 2024","May 2024","Jun 2024","Jul 2024","Aug 2024","Sept 2024","Oct 2024","Nov 2024","Dec 2024","Jan 2025","Feb 2025","Mar 2025","Apr 2025","May 2025","Jun 2025","Jul 2025","Aug 2025","Sept 2025","Oct 2025","Nov 2025","Dec 2025","Jan 2026","Feb 2026","Mar 2026"
"PPHU TELKON Ilona Strozak","0","0","0","0","0","0","0","0","0","0","0","0","0","0","0","0","0","0","0","0","0","0","0","0","0","0","0","0","0","0","0","0","0","0","0","0","0","0","0","0","0","0","1865","6541"
"Vietnam Posts and Telecommunications Group","0","0","0","0","0","0","0","0","0","0","0","0","0","0","0","0","0","0","0","0","0","0","0","0","0","0","0","0","0","0","0","0","0","0","0","0","0","0","0","0","0","0","836","3648"
"SEACOM Limited","0","0","0","0","0","0","0","0","0","0","0","0","0","0","0","0","0","0","0","0","0","0","0","0","0","0","0","0","0","0","0","0","0","0","0","0","0","0","0","0","0","0","548","3053"
"Nordic Telecom Regional s.r.o.","0","0","0","0","0","0","0","0","0","0","0","0","0","0","0","0","0","0","0","0","0","0","0","0","0","0","0","0","0","0","0","0","0","0","0","0","0","0","0","0","0","0","468","1995"
"Cellcom Fixed Line Communication L.P","0","0","0","0","0","0","0","0","0","0","0","0","0","0","0","0","0","0","0","0","0","0","0","0","0","0","0","0","0","0","0","0","0","0","0","0","0","0","0","0","0","0","782","869"
"PT Telekomunikasi Indonesia","0","0","0","0","0","0","0","0","0","0","0","0","0","0","0","0","0","0","0","0","0","0","0","0","0","0","0","0","0","0","0","0","0","0","0","0","0","0","0","0","0","0","238","1176"
"REDHEBERG SASU","0","0","0","0","0","0","0","0","0","0","0","0","0","0","1","1","1","1","3","1","1","1","1","1","1","1","1","1","1","0","0","0","0","0","0","0","0","0","0","0","0","0","0","0"
"Dyjix SAS","0","0","0","0","0","0","1","2","2","2","1","1","1","1","1","1","1","1","0","0","0","0","0","0","0","0","0","0","0","0","0","0","0","0","0","0","0","0","0","0","0","0","0","0"
"REDHEBERG SAS","0","0","0","0","0","0","0","0","0","0","0","0","0","0","0","0","0","0","0","0","0","0","0","0","0","0","0","0","0","1","1","1","1","1","1","1","1","1","1","1","1","1","1","1"
"Vultr Holdings, LLC","0","0","0","0","0","0","0","0","0","0","0","0","0","0","0","0","0","0","0","0","0","0","0","0","1","1","1","0","0","1","1","1","1","1","1","1","0","0","1","1","1","1","0","0"
"Dyjix Association","1","1","1","1","1","0","0","0","0","0","0","0","0","0","0","0","0","0","0","0","0","0","0","0","0","0","0","0","0","0","0","0","0","0","0","0","0","0","0","0","0","0","0","0"
"Laurenz Ruprecht","0","0","0","0","0","0","0","0","0","0","1","1","0","0","0","0","0","0","0","0","0","0","0","0","0","0","0","0","0","0","0","0","0","0","0","0","0","0","0","0","0","0","0","0"